TICKER,DATE,OPEN,HIGH,LOW,CLOSE,VOL,WAPRICE,NOMINAL
USD,2013-03-05,,,,30.787,,,1
USD,2013-03-06,,,,30.6963,,,1
USD,2013-03-07,,,,30.6214,,,1
USD,2013-03-08,,,,30.7628,,,1
USD,2013-03-12,,,,30.7576,,,1
USD,2013-03-13,,,,30.7499,,,1
USD,2013-03-14,,,,30.7209,,,1
USD,2013-03-15,,,,30.7769,,,1
USD,2013-03-16,,,,30.7196,,,1
USD,2013-03-19,,,,30.8908,,,1
USD,2013-03-20,,,,30.8285,,,1
USD,2013-03-21,,,,30.9446,,,1
USD,2013-03-22,,,,30.8923,,,1
USD,2013-03-23,,,,30.9325,,,1
USD,2013-03-26,,,,30.7585,,,1
USD,2013-03-27,,,,30.8734,,,1
USD,2013-03-28,,,,30.863,,,1
USD,2013-03-29,,,,30.9962,,,1
USD,2013-03-30,,,,31.0834,,,1
USD,2013-04-02,,,,31.1093,,,1
USD,2013-04-03,,,,31.1178,,,1
USD,2013-04-04,,,,31.3918,,,1
USD,2013-04-05,,,,31.7203,,,1
USD,2013-04-06,,,,31.6207,,,1
USD,2013-04-09,,,,31.6144,,,1
USD,2013-04-10,,,,31.2086,,,1
USD,2013-04-11,,,,31.0036,,,1
USD,2013-04-12,,,,30.8814,,,1
USD,2013-04-13,,,,30.9308,,,1
USD,2013-04-16,,,,31.3051,,,1
USD,2013-04-17,,,,31.4512,,,1
USD,2013-04-18,,,,31.232,,,1
USD,2013-04-19,,,,31.7151,,,1
USD,2013-04-20,,,,31.4605,,,1
USD,2013-04-23,,,,31.5664,,,1
USD,2013-04-24,,,,31.6414,,,1
USD,2013-04-25,,,,31.5917,,,1
USD,2013-04-26,,,,31.3169,,,1
USD,2013-04-27,,,,31.2196,,,1
USD,2013-04-30,,,,31.2559,,,1
USD,2013-05-01,,,,31.0433,,,1
USD,2013-05-07,,,,31.0839,,,1
USD,2013-05-08,,,,31.0789,,,1
USD,2013-05-09,,,,31.0829,,,1
USD,2013-05-14,,,,31.3777,,,1
USD,2013-05-15,,,,31.2778,,,1
USD,2013-05-16,,,,31.4281,,,1
USD,2013-05-17,,,,31.4166,,,1
USD,2013-05-18,,,,31.3931,,,1
USD,2013-05-21,,,,31.3406,,,1
USD,2013-05-22,,,,31.177,,,1
USD,2013-05-23,,,,31.228,,,1
USD,2013-05-24,,,,31.4711,,,1
USD,2013-05-25,,,,31.3164,,,1
USD,2013-05-28,,,,31.3025,,,1
USD,2013-05-29,,,,31.3784,,,1
USD,2013-05-30,,,,31.5203,,,1
USD,2013-05-31,,,,31.5893,,,1
USD,2013-06-01,,,,31.7979,,,1
USD,2013-06-04,,,,32.0487,,,1
USD,2013-06-05,,,,31.8344,,,1
USD,2013-06-06,,,,31.9816,,,1
USD,2013-06-07,,,,32.1385,,,1
USD,2013-06-08,,,,32.2397,,,1
USD,2013-06-11,,,,32.3246,,,1
USD,2013-06-12,,,,32.3951,,,1
USD,2013-06-14,,,,32.3467,,,1
USD,2013-06-15,,,,31.8029,,,1
USD,2013-06-18,,,,31.679,,,1
USD,2013-06-19,,,,31.8824,,,1
USD,2013-06-20,,,,32.1201,,,1
USD,2013-06-21,,,,32.7041,,,1
USD,2013-06-22,,,,32.7433,,,1
USD,2013-06-25,,,,32.9097,,,1
USD,2013-06-26,,,,32.714,,,1
USD,2013-06-27,,,,32.8876,,,1
USD,2013-06-28,,,,32.8766,,,1
USD,2013-06-29,,,,32.709,,,1
USD,2013-07-02,,,,32.8517,,,1
USD,2013-07-03,,,,32.9475,,,1
USD,2013-07-04,,,,33.2204,,,1
USD,2013-07-05,,,,33.1605,,,1
USD,2013-07-06,,,,33.2247,,,1
USD,2013-07-09,,,,33.321,,,1
USD,2013-07-10,,,,33.0842,,,1
USD,2013-07-11,,,,32.9112,,,1
USD,2013-07-12,,,,32.5867,,,1
USD,2013-07-13,,,,32.6429,,,1
USD,2013-07-16,,,,32.622,,,1
USD,2013-07-17,,,,32.5417,,,1
USD,2013-07-18,,,,32.4526,,,1
USD,2013-07-19,,,,32.3998,,,1
USD,2013-07-20,,,,32.4288,,,1
USD,2013-07-23,,,,32.3236,,,1
USD,2013-07-24,,,,32.3106,,,1
USD,2013-07-25,,,,32.3462,,,1
USD,2013-07-26,,,,32.5376,,,1
USD,2013-07-27,,,,32.6371,,,1
USD,2013-07-30,,,,32.8556,,,1
USD,2013-07-31,,,,32.8901,,,1
USD,2013-08-01,,,,33.033,,,1
USD,2013-08-02,,,,32.9741,,,1
USD,2013-08-03,,,,33.0978,,,1
USD,2013-08-06,,,,32.8811,,,1
USD,2013-08-07,,,,32.939,,,1
USD,2013-08-08,,,,32.9848,,,1
USD,2013-08-09,,,,32.9401,,,1
USD,2013-08-10,,,,32.8606,,,1
USD,2013-08-13,,,,32.891,,,1
USD,2013-08-14,,,,33.0426,,,1
USD,2013-08-15,,,,33.1583,,,1
USD,2013-08-16,,,,33.0004,,,1
USD,2013-08-17,,,,32.9421,,,1
USD,2013-08-20,,,,32.9226,,,1
USD,2013-08-21,,,,33.0006,,,1
USD,2013-08-22,,,,32.9737,,,1
USD,2013-08-23,,,,33.1908,,,1
USD,2013-08-24,,,,33.0552,,,1
USD,2013-08-27,,,,32.9564,,,1
USD,2013-08-28,,,,33.1224,,,1
USD,2013-08-29,,,,33.1798,,,1
USD,2013-08-30,,,,33.1783,,,1
USD,2013-08-31,,,,33.2474,,,1
USD,2013-09-03,,,,33.2522,,,1
USD,2013-09-04,,,,33.3693,,,1
USD,2013-09-05,,,,33.4656,,,1
USD,2013-09-06,,,,33.3901,,,1
USD,2013-09-07,,,,33.4338,,,1
USD,2013-09-10,,,,33.3243,,,1
USD,2013-09-11,,,,33.06,,,1
USD,2013-09-12,,,,32.9629,,,1
USD,2013-09-13,,,,32.6731,,,1
USD,2013-09-14,,,,32.7406,,,1
USD,2013-09-17,,,,32.2907,,,1
USD,2013-09-18,,,,32.3237,,,1
USD,2013-09-19,,,,32.245,,,1
USD,2013-09-20,,,,31.5892,,,1
USD,2013-09-21,,,,31.7326,,,1
USD,2013-09-24,,,,31.9106,,,1
USD,2013-09-25,,,,31.8167,,,1
USD,2013-09-26,,,,31.9343,,,1
USD,2013-09-27,,,,32.1736,,,1
USD,2013-09-28,,,,32.3451,,,1
USD,2013-10-01,,,,32.4839,,,1
USD,2013-10-02,,,,32.2965,,,1
USD,2013-10-03,,,,32.2979,,,1
USD,2013-10-04,,,,32.125,,,1
USD,2013-10-05,,,,32.1005,,,1
USD,2013-10-08,,,,32.2931,,,1
USD,2013-10-09,,,,32.2984,,,1
USD,2013-10-10,,,,32.3619,,,1
USD,2013-10-11,,,,32.3564,,,1
USD,2013-10-12,,,,32.2133,,,1
USD,2013-10-15,,,,32.2663,,,1
USD,2013-10-16,,,,32.2676,,,1
USD,2013-10-17,,,,32.2561,,,1
USD,2013-10-18,,,,32.0816,,,1
USD,2013-10-19,,,,31.846,,,1
USD,2013-10-22,,,,31.9013,,,1
USD,2013-10-23,,,,31.9346,,,1
USD,2013-10-24,,,,31.7448,,,1
USD,2013-10-25,,,,31.6618,,,1
USD,2013-10-26,,,,31.6775,,,1
USD,2013-10-29,,,,31.8119,,,1
USD,2013-10-30,,,,31.9445,,,1
USD,2013-10-31,,,,32.0613,,,1
USD,2013-11-01,,,,32.0758,,,1
USD,2013-11-02,,,,32.1808,,,1
USD,2013-11-06,,,,32.3509,,,1
USD,2013-11-07,,,,32.4511,,,1
USD,2013-11-08,,,,32.3803,,,1
USD,2013-11-09,,,,32.5479,,,1
USD,2013-11-12,,,,32.6622,,,1
USD,2013-11-13,,,,32.8076,,,1
USD,2013-11-14,,,,32.8184,,,1
USD,2013-11-15,,,,32.6874,,,1
USD,2013-11-16,,,,32.6807,,,1
USD,2013-11-19,,,,32.5658,,,1
USD,2013-11-20,,,,32.6098,,,1
USD,2013-11-21,,,,32.7417,,,1
USD,2013-11-22,,,,33.018,,,1
USD,2013-11-23,,,,32.9055,,,1
USD,2013-11-26,,,,32.7733,,,1
USD,2013-11-27,,,,32.9879,,,1
USD,2013-11-28,,,,33.0041,,,1
USD,2013-11-29,,,,33.1332,,,1
USD,2013-11-30,,,,33.1916,,,1
USD,2013-12-03,,,,33.1482,,,1
USD,2013-12-04,,,,33.246,,,1
USD,2013-12-05,,,,33.2632,,,1
USD,2013-12-06,,,,33.114,,,1
USD,2013-12-07,,,,32.9514,,,1
USD,2013-12-10,,,,32.7782,,,1
USD,2013-12-11,,,,32.7848,,,1
USD,2013-12-12,,,,32.7315,,,1
USD,2013-12-13,,,,32.7518,,,1
USD,2013-12-14,,,,32.8663,,,1
USD,2013-12-17,,,,32.8658,,,1
USD,2013-12-18,,,,32.8646,,,1
USD,2013-12-19,,,,32.9404,,,1
USD,2013-12-20,,,,32.9527,,,1
USD,2013-12-21,,,,32.9798,,,1
USD,2013-12-24,,,,32.9506,,,1
USD,2013-12-25,,,,32.6284,,,1
USD,2013-12-26,,,,32.6487,,,1
USD,2013-12-27,,,,32.671,,,1
USD,2013-12-28,,,,32.6282,,,1
USD,2013-12-31,,,,32.7292,,,1
USD,2014-01-01,,,,32.6587,,,1
USD,2014-01-10,,,,33.1547,,,1
USD,2014-01-11,,,,33.2062,,,1
USD,2014-01-14,,,,33.1204,,,1
USD,2014-01-15,,,,33.2386,,,1
USD,2014-01-16,,,,33.3562,,,1
USD,2014-01-17,,,,33.4013,,,1
USD,2014-01-18,,,,33.4343,,,1
USD,2014-01-21,,,,33.6429,,,1
USD,2014-01-22,,,,33.8161,,,1
USD,2014-01-23,,,,33.8688,,,1
USD,2014-01-24,,,,34.0334,,,1
USD,2014-01-25,,,,34.26,,,1
USD,2014-01-28,,,,34.7093,,,1
USD,2014-01-29,,,,34.625,,,1
USD,2014-01-30,,,,34.5633,,,1
USD,2014-01-31,,,,35.2448,,,1
USD,2014-02-01,,,,35.18,,,1
USD,2014-02-04,,,,35.2347,,,1
USD,2014-02-05,,,,35.4502,,,1
USD,2014-02-06,,,,34.9592,,,1
USD,2014-02-07,,,,34.7287,,,1
USD,2014-02-08,,,,34.6044,,,1
USD,2014-02-11,,,,34.7636,,,1
USD,2014-02-12,,,,34.7964,,,1
USD,2014-02-13,,,,34.7595,,,1
USD,2014-02-14,,,,34.8611,,,1
USD,2014-02-15,,,,35.2559,,,1
USD,2014-02-18,,,,35.0976,,,1
USD,2014-02-19,,,,35.2386,,,1
USD,2014-02-20,,,,35.5857,,,1
USD,2014-02-21,,,,35.767,,,1
USD,2014-02-22,,,,35.6828,,,1
USD,2014-02-25,,,,35.5112,,,1
USD,2014-02-26,,,,35.5669,,,1
USD,2014-02-27,,,,35.7872,,,1
USD,2014-02-28,,,,36.0501,,,1
USD,2014-03-01,,,,36.1847,,,1
USD,2014-03-04,,,,36.3784,,,1
USD,2014-03-05,,,,36.3208,,,1
USD,2014-03-06,,,,36.0849,,,1
USD,2014-03-07,,,,36.1251,,,1
USD,2014-03-08,,,,36.2618,,,1
USD,2014-03-12,,,,36.4015,,,1
USD,2014-03-13,,,,36.4865,,,1
USD,2014-03-14,,,,36.4566,,,1
USD,2014-03-15,,,,36.6391,,,1
USD,2014-03-18,,,,36.6505,,,1
USD,2014-03-19,,,,36.4487,,,1
USD,2014-03-20,,,,36.207,,,1
USD,2014-03-21,,,,36.1081,,,1
USD,2014-03-22,,,,36.4022,,,1
USD,2014-03-25,,,,36.1663,,,1
USD,2014-03-26,,,,35.9316,,,1
USD,2014-03-27,,,,35.4494,,,1
USD,2014-03-28,,,,35.581,,,1
USD,2014-03-29,,,,35.6871,,,1
USD,2014-04-01,,,,35.6053,,,1
USD,2014-04-02,,,,35.024,,,1
USD,2014-04-03,,,,35.2517,,,1
USD,2014-04-04,,,,35.5154,,,1
USD,2014-04-05,,,,35.501,,,1
USD,2014-04-08,,,,35.4679,,,1
USD,2014-04-09,,,,35.5475,,,1
USD,2014-04-10,,,,35.7493,,,1
USD,2014-04-11,,,,35.5581,,,1
USD,2014-04-12,,,,35.6239,,,1
USD,2014-04-15,,,,35.989,,,1
USD,2014-04-16,,,,35.9635,,,1
USD,2014-04-17,,,,36.0813,,,1
USD,2014-04-18,,,,35.9287,,,1
USD,2014-04-19,,,,35.5389,,,1
USD,2014-04-22,,,,35.6688,,,1
USD,2014-04-23,,,,35.6785,,,1
USD,2014-04-24,,,,35.6625,,,1
USD,2014-04-25,,,,35.683,,,1
USD,2014-04-26,,,,35.9289,,,1
USD,2014-04-29,,,,36.0245,,,1
USD,2014-04-30,,,,35.6983,,,1
USD,2014-05-01,,,,35.7227,,,1
USD,2014-05-06,,,,35.8381,,,1
USD,2014-05-07,,,,35.655,,,1
USD,2014-05-08,,,,35.4971,,,1
USD,2014-05-09,,,,35.0343,,,1
USD,2014-05-13,,,,35.2091,,,1
USD,2014-05-14,,,,34.8789,,,1
USD,2014-05-15,,,,34.709,,,1
USD,2014-05-16,,,,34.7005,,,1
USD,2014-05-17,,,,34.7794,,,1
USD,2014-05-20,,,,34.7394,,,1
USD,2014-05-21,,,,34.6007,,,1
USD,2014-05-22,,,,34.5078,,,1
USD,2014-05-23,,,,34.2802,,,1
USD,2014-05-24,,,,34.3139,,,1
USD,2014-05-27,,,,34.0771,,,1
USD,2014-05-28,,,,34.2571,,,1
USD,2014-05-29,,,,34.4895,,,1
USD,2014-05-30,,,,34.6481,,,1
USD,2014-05-31,,,,34.7352,,,1
USD,2014-06-03,,,,34.8887,,,1
USD,2014-06-04,,,,35.0115,,,1
USD,2014-06-05,,,,35.1398,,,1
USD,2014-06-06,,,,34.9043,,,1
USD,2014-06-07,,,,34.6573,,,1
USD,2014-06-10,,,,34.3303,,,1
USD,2014-06-11,,,,34.3681,,,1
USD,2014-06-12,,,,34.3227,,,1
USD,2014-06-17,,,,34.5654,,,1
USD,2014-06-18,,,,34.8095,,,1
USD,2014-06-19,,,,34.8232,,,1
USD,2014-06-20,,,,34.3025,,,1
USD,2014-06-21,,,,34.419,,,1
USD,2014-06-24,,,,34.2797,,,1
USD,2014-06-25,,,,33.9812,,,1
USD,2014-06-26,,,,33.907,,,1
USD,2014-06-27,,,,33.7508,,,1
USD,2014-06-28,,,,33.6306,,,1
USD,2014-07-01,,,,33.8434,,,1
USD,2014-07-02,,,,34.2275,,,1
USD,2014-07-03,,,,34.2496,,,1
USD,2014-07-04,,,,34.1949,,,1
USD,2014-07-05,,,,34.3236,,,1
USD,2014-07-08,,,,34.5691,,,1
USD,2014-07-09,,,,34.4258,,,1
USD,2014-07-10,,,,34.0758,,,1
USD,2014-07-11,,,,33.8353,,,1
USD,2014-07-12,,,,34.0582,,,1
USD,2014-07-15,,,,34.3135,,,1
USD,2014-07-16,,,,34.3723,,,1
USD,2014-07-17,,,,34.3853,,,1
USD,2014-07-18,,,,34.7998,,,1
USD,2014-07-19,,,,35.1627,,,1
USD,2014-07-22,,,,35.09,,,1
USD,2014-07-23,,,,35.0387,,,1
USD,2014-07-24,,,,34.8101,,,1
USD,2014-07-25,,,,35.0786,,,1
USD,2014-07-26,,,,35.0535,,,1
USD,2014-07-29,,,,35.3457,,,1
USD,2014-07-30,,,,35.6339,,,1
USD,2014-07-31,,,,35.7271,,,1
USD,2014-08-01,,,,35.4438,,,1
USD,2014-08-02,,,,35.7272,,,1
USD,2014-08-05,,,,35.6605,,,1
USD,2014-08-06,,,,35.7987,,,1
USD,2014-08-07,,,,36.1102,,,1
USD,2014-08-08,,,,36.2496,,,1
USD,2014-08-09,,,,36.4461,,,1
USD,2014-08-12,,,,36.0475,,,1
USD,2014-08-13,,,,36.089,,,1
USD,2014-08-14,,,,36.2222,,,1
USD,2014-08-15,,,,36.0395,,,1
USD,2014-08-16,,,,36.0014,,,1
USD,2014-08-19,,,,36.0294,,,1
USD,2014-08-20,,,,36.1094,,,1
USD,2014-08-21,,,,36.224,,,1
USD,2014-08-22,,,,36.3317,,,1
USD,2014-08-23,,,,36.0027,,,1
USD,2014-08-26,,,,36.1201,,,1
USD,2014-08-27,,,,36.1358,,,1
USD,2014-08-28,,,,36.1397,,,1
USD,2014-08-29,,,,36.3053,,,1
USD,2014-08-30,,,,36.9316,,,1
USD,2014-09-02,,,,37.2945,,,1
USD,2014-09-03,,,,37.348,,,1
USD,2014-09-04,,,,37.3183,,,1
USD,2014-09-05,,,,36.8038,,,1
USD,2014-09-06,,,,36.9219,,,1
USD,2014-09-09,,,,37.0866,,,1
USD,2014-09-10,,,,37.0261,,,1
USD,2014-09-11,,,,37.1693,,,1
USD,2014-09-12,,,,37.3758,,,1
USD,2014-09-13,,,,37.6545,,,1
USD,2014-09-16,,,,37.9861,,,1
USD,2014-09-17,,,,38.7058,,,1
USD,2014-09-18,,,,38.3724,,,1
USD,2014-09-19,,,,38.4209,,,1
USD,2014-09-20,,,,38.4134,,,1
USD,2014-09-23,,,,38.5782,,,1
USD,2014-09-24,,,,38.6672,,,1
USD,2014-09-25,,,,38.383,,,1
USD,2014-09-26,,,,38.3007,,,1
USD,2014-09-27,,,,38.7243,,,1
USD,2014-09-30,,,,39.3866,,,1
USD,2014-10-01,,,,39.3836,,,1
USD,2014-10-02,,,,39.6604,,,1
USD,2014-10-03,,,,39.5474,,,1
USD,2014-10-04,,,,39.698,,,1
USD,2014-10-07,,,,39.982,,,1
USD,2014-10-08,,,,39.7417,,,1
USD,2014-10-09,,,,39.9819,,,1
USD,2014-10-10,,,,39.98,,,1
USD,2014-10-11,,,,40.2125,,,1
USD,2014-10-14,,,,40.3251,,,1
USD,2014-10-15,,,,40.5304,,,1
USD,2014-10-16,,,,40.9416,,,1
USD,2014-10-17,,,,40.7457,,,1
USD,2014-10-18,,,,41.045,,,1
USD,2014-10-21,,,,40.8815,,,1
USD,2014-10-22,,,,41.0501,,,1
USD,2014-10-23,,,,40.9671,,,1
USD,2014-10-24,,,,41.4958,,,1
USD,2014-10-25,,,,41.8101,,,1
USD,2014-10-28,,,,41.9497,,,1
USD,2014-10-29,,,,42.3934,,,1
USD,2014-10-30,,,,42.6525,,,1
USD,2014-10-31,,,,43.3943,,,1
USD,2014-11-01,,,,41.9627,,,1
USD,2014-11-06,,,,44.3993,,,1
USD,2014-11-07,,,,45.1854,,,1
USD,2014-11-08,,,,47.8774,,,1
USD,2014-11-11,,,,45.8926,,,1
USD,2014-11-12,,,,45.952,,,1
USD,2014-11-13,,,,46.3379,,,1
USD,2014-11-14,,,,46.1233,,,1
USD,2014-11-15,,,,47.392,,,1
USD,2014-11-18,,,,47.3329,,,1
USD,2014-11-19,,,,46.9797,,,1
USD,2014-11-20,,,,47.0294,,,1
USD,2014-11-21,,,,46.7047,,,1
USD,2014-11-22,,,,45.7926,,,1
USD,2014-11-25,,,,44.7852,,,1
USD,2014-11-26,,,,44.9758,,,1
USD,2014-11-27,,,,46.4244,,,1
USD,2014-11-28,,,,47.6629,,,1
USD,2014-11-29,,,,49.322,,,1
USD,2014-12-02,,,,51.8068,,,1
USD,2014-12-03,,,,50.7678,,,1
USD,2014-12-04,,,,54.3821,,,1
USD,2014-12-05,,,,52.6932,,,1
USD,2014-12-06,,,,53.1088,,,1
USD,2014-12-09,,,,53.3079,,,1
USD,2014-12-10,,,,54.2116,,,1
USD,2014-12-11,,,,54.2758,,,1
USD,2014-12-12,,,,54.7932,,,1
USD,2014-12-13,,,,56.8919,,,1
USD,2014-12-16,,,,58.3461,,,1
USD,2014-12-17,,,,61.1512,,,1
USD,2014-12-18,,,,67.7851,,,1
USD,2014-12-19,,,,59.6029,,,1
USD,2014-12-20,,,,60.6825,,,1
USD,2014-12-23,,,,56.494,,,1
USD,2014-12-24,,,,54.5687,,,1
USD,2014-12-25,,,,54.4913,,,1
USD,2014-12-26,,,,52.6159,,,1
USD,2014-12-27,,,,52.0343,,,1
USD,2014-12-30,,,,56.6801,,,1
USD,2014-12-31,,,,56.2584,,,1
USD,2015-01-01,,,,56.2376,,,1
USD,2015-01-13,,,,62.7363,,,1
USD,2015-01-14,,,,64.8425,,,1
USD,2015-01-15,,,,66.0983,,,1
USD,2015-01-16,,,,64.8337,,,1
USD,2015-01-17,,,,65.1738,,,1
USD,2015-01-20,,,,64.9732,,,1
USD,2015-01-21,,,,64.9862,,,1
USD,2015-01-22,,,,65.5558,,,1
USD,2015-01-23,,,,65.4,,,1
USD,2015-01-24,,,,63.393,,,1
USD,2015-01-27,,,,65.5937,,,1
USD,2015-01-28,,,,67.8153,,,1
USD,2015-01-29,,,,67.1506,,,1
USD,2015-01-30,,,,68.7303,,,1
USD,2015-01-31,,,,68.9291,,,1
USD,2015-02-03,,,,69.664,,,1
USD,2015-02-04,,,,67.7727,,,1
USD,2015-02-05,,,,65.447,,,1
USD,2015-02-06,,,,68.6113,,,1
USD,2015-02-07,,,,66.0432,,,1
USD,2015-02-10,,,,65.7817,,,1
USD,2015-02-11,,,,65.4469,,,1
USD,2015-02-12,,,,66.0585,,,1
USD,2015-02-13,,,,66.0994,,,1
USD,2015-02-14,,,,65.0862,,,1
USD,2015-02-17,,,,62.6632,,,1
USD,2015-02-18,,,,62.8353,,,1
USD,2015-02-19,,,,62.4001,,,1
USD,2015-02-20,,,,62.1307,,,1
USD,2015-02-21,,,,61.7235,,,1
USD,2015-02-24,,,,61.7235,,,1
USD,2015-02-25,,,,63.5083,,,1
USD,2015-02-26,,,,62.5906,,,1
USD,2015-02-27,,,,60.7109,,,1
USD,2015-02-28,,,,61.2718,,,1
USD,2015-03-03,,,,62.2248,,,1
USD,2015-03-04,,,,62.3649,,,1
USD,2015-03-05,,,,61.8745,,,1
USD,2015-03-06,,,,61.8457,,,1
USD,2015-03-07,,,,59.9938,,,1
USD,2015-03-10,,,,59.9938,,,1
USD,2015-03-11,,,,60.6649,,,1
USD,2015-03-12,,,,62.6797,,,1
USD,2015-03-13,,,,60.9595,,,1
USD,2015-03-14,,,,61.3167,,,1
USD,2015-03-17,,,,62.1497,,,1
USD,2015-03-18,,,,61.751,,,1
USD,2015-03-19,,,,61.3483,,,1
USD,2015-03-20,,,,59.8308,,,1
USD,2015-03-21,,,,60.0341,,,1
USD,2015-03-24,,,,59.4452,,,1
USD,2015-03-25,,,,58.771,,,1
USD,2015-03-26,,,,57.3879,,,1
USD,2015-03-27,,,,56.4271,,,1
USD,2015-03-28,,,,57.7279,,,1
USD,2015-03-31,,,,58.4643,,,1
USD,2015-04-01,,,,57.65,,,1
USD,2015-04-02,,,,58.3536,,,1
USD,2015-04-03,,,,56.9902,,,1
USD,2015-04-04,,,,56.7534,,,1
USD,2015-04-07,,,,56.5161,,,1
USD,2015-04-08,,,,55.3328,,,1
USD,2015-04-09,,,,54.027,,,1
USD,2015-04-10,,,,52.5424,,,1
USD,2015-04-11,,,,51.0678,,,1
USD,2015-04-14,,,,52.422,,,1
USD,2015-04-15,,,,51.9749,,,1
USD,2015-04-16,,,,50.5033,,,1
USD,2015-04-17,,,,49.6749,,,1
USD,2015-04-18,,,,50.5295,,,1
USD,2015-04-21,,,,51.5207,,,1
USD,2015-04-22,,,,53.9728,,,1
USD,2015-04-23,,,,53.6555,,,1
USD,2015-04-24,,,,51.6011,,,1
USD,2015-04-25,,,,50.2473,,,1
USD,2015-04-28,,,,51.469,,,1
USD,2015-04-29,,,,52.3041,,,1
USD,2015-04-30,,,,51.7029,,,1
USD,2015-05-01,,,,51.1388,,,1
USD,2015-05-02,,,,51.1388,,,1
USD,2015-05-05,,,,51.1388,,,1
USD,2015-05-06,,,,51.7574,,,1
USD,2015-05-07,,,,49.9816,,,1
USD,2015-05-08,,,,50.3615,,,1
USD,2015-05-09,,,,50.7511,,,1
USD,2015-05-12,,,,50.7511,,,1
USD,2015-05-13,,,,50.914,,,1
USD,2015-05-14,,,,49.5366,,,1
USD,2015-05-15,,,,50.0774,,,1
USD,2015-05-16,,,,50.0115,,,1
USD,2015-05-19,,,,49.2175,,,1
USD,2015-05-20,,,,49.1777,,,1
USD,2015-05-21,,,,49.7919,,,1
USD,2015-05-22,,,,49.9204,,,1
USD,2015-05-23,,,,49.7901,,,1
USD,2015-05-26,,,,49.8613,,,1
USD,2015-05-27,,,,50.3223,,,1
USD,2015-05-28,,,,51.0178,,,1
USD,2015-05-29,,,,52.2907,,,1
USD,2015-05-30,,,,52.9716,,,1
USD,2015-06-02,,,,52.8213,,,1
USD,2015-06-03,,,,53.4413,,,1
USD,2015-06-04,,,,53.059,,,1
USD,2015-06-05,,,,54.9908,,,1
USD,2015-06-06,,,,56.2463,,,1
USD,2015-06-09,,,,56.0435,,,1
USD,2015-06-10,,,,55.91,,,1
USD,2015-06-11,,,,54.8219,,,1
USD,2015-06-12,,,,54.5285,,,1
USD,2015-06-16,,,,55.2679,,,1
USD,2015-06-17,,,,54.0409,,,1
USD,2015-06-18,,,,53.8999,,,1
USD,2015-06-19,,,,53.3301,,,1
USD,2015-06-20,,,,53.8006,,,1
USD,2015-06-23,,,,53.5569,,,1
USD,2015-06-24,,,,54.2081,,,1
USD,2015-06-25,,,,54.0746,,,1
USD,2015-06-26,,,,54.6026,,,1
USD,2015-06-27,,,,54.8126,,,1
USD,2015-06-30,,,,55.524,,,1
USD,2015-07-01,,,,55.8413,,,1
USD,2015-07-02,,,,55.4756,,,1
USD,2015-07-03,,,,55.6555,,,1
USD,2015-07-04,,,,55.6049,,,1
USD,2015-07-07,,,,56.4112,,,1
USD,2015-07-08,,,,57.2192,,,1
USD,2015-07-09,,,,57.2174,,,1
USD,2015-07-10,,,,56.9803,,,1
USD,2015-07-11,,,,56.6685,,,1
USD,2015-07-14,,,,56.6079,,,1
USD,2015-07-15,,,,56.9774,,,1
USD,2015-07-16,,,,56.6642,,,1
USD,2015-07-17,,,,56.9504,,,1
USD,2015-07-18,,,,56.8423,,,1
USD,2015-07-21,,,,56.8336,,,1
USD,2015-07-22,,,,57.0025,,,1
USD,2015-07-23,,,,57.0232,,,1
USD,2015-07-24,,,,57.3578,,,1
USD,2015-07-25,,,,58.0374,,,1
USD,2015-07-28,,,,58.7816,,,1
USD,2015-07-29,,,,60.2231,,,1
USD,2015-07-30,,,,59.7665,,,1
USD,2015-07-31,,,,58.9906,,,1
USD,2015-08-01,,,,60.3458,,,1
USD,2015-08-04,,,,62.4677,,,1
USD,2015-08-05,,,,62.9182,,,1
USD,2015-08-06,,,,62.7184,,,1
USD,2015-08-07,,,,63.8644,,,1
USD,2015-08-08,,,,63.8399,,,1
USD,2015-08-11,,,,64.4977,,,1
USD,2015-08-12,,,,63.2098,,,1
USD,2015-08-13,,,,65.0169,,,1
USD,2015-08-14,,,,63.9988,,,1
USD,2015-08-15,,,,64.9363,,,1
USD,2015-08-18,,,,65.5034,,,1
USD,2015-08-19,,,,65.8289,,,1
USD,2015-08-20,,,,65.7222,,,1
USD,2015-08-21,,,,66.9608,,,1
USD,2015-08-22,,,,68.1216,,,1
USD,2015-08-25,,,,70.7465,,,1
USD,2015-08-26,,,,69.9461,,,1
USD,2015-08-27,,,,69.3142,,,1
USD,2015-08-28,,,,67.4473,,,1
USD,2015-08-29,,,,66.4779,,,1
USD,2015-09-01,,,,66.7152,,,1
USD,2015-09-02,,,,65.3495,,,1
USD,2015-09-03,,,,66.6756,,,1
USD,2015-09-04,,,,67.0102,,,1
USD,2015-09-05,,,,67.685,,,1
USD,2015-09-08,,,,68.4864,,,1
USD,2015-09-09,,,,68.7932,,,1
USD,2015-09-10,,,,67.6219,,,1
USD,2015-09-11,,,,68.4961,,,1
USD,2015-09-12,,,,68.0093,,,1
USD,2015-09-15,,,,67.9571,,,1
USD,2015-09-16,,,,67.1574,,,1
USD,2015-09-17,,,,65.9273,,,1
USD,2015-09-18,,,,65.3623,,,1
USD,2015-09-19,,,,65.6445,,,1
USD,2015-09-22,,,,66.1455,,,1
USD,2015-09-23,,,,66.1747,,,1
USD,2015-09-24,,,,66.041,,,1
USD,2015-09-25,,,,66.5151,,,1
USD,2015-09-26,,,,65.6727,,,1
USD,2015-09-29,,,,65.547,,,1
USD,2015-09-30,,,,66.2367,,,1
USD,2015-10-01,,,,65.7364,,,1
USD,2015-10-02,,,,65.0336,,,1
USD,2015-10-03,,,,65.9414,,,1
USD,2015-10-06,,,,65.6248,,,1
USD,2015-10-07,,,,65.0962,,,1
USD,2015-10-08,,,,62.7061,,,1
USD,2015-10-09,,,,62.2942,,,1
USD,2015-10-10,,,,61.2967,,,1
USD,2015-10-13,,,,61.1535,,,1
USD,2015-10-14,,,,62.2237,,,1
USD,2015-10-15,,,,63.1248,,,1
USD,2015-10-16,,,,62.2433,,,1
USD,2015-10-17,,,,61.3587,,,1
USD,2015-10-20,,,,61.4419,,,1
USD,2015-10-21,,,,62.162,,,1
USD,2015-10-22,,,,62.6309,,,1
USD,2015-10-23,,,,62.7888,,,1
USD,2015-10-24,,,,61.9286,,,1
USD,2015-10-27,,,,62.5038,,,1
USD,2015-10-28,,,,63.5004,,,1
USD,2015-10-29,,,,65.3159,,,1
USD,2015-10-30,,,,64.1686,,,1
USD,2015-10-31,,,,64.3742,,,1
USD,2015-11-03,,,,63.7993,,,1
USD,2015-11-04,,,,63.8525,,,1
USD,2015-11-06,,,,63.3991,,,1
USD,2015-11-07,,,,63.6832,,,1
USD,2015-11-10,,,,64.6606,,,1
USD,2015-11-11,,,,64.3908,,,1
USD,2015-11-12,,,,64.5693,,,1
USD,2015-11-13,,,,65.4541,,,1
USD,2015-11-14,,,,66.6343,,,1
USD,2015-11-17,,,,66.4607,,,1
USD,2015-11-18,,,,65.4799,,,1
USD,2015-11-19,,,,64.7785,,,1
USD,2015-11-20,,,,64.912,,,1
USD,2015-11-21,,,,64.8673,,,1
USD,2015-11-24,,,,65.5973,,,1
USD,2015-11-25,,,,65.621,,,1
USD,2015-11-26,,,,65.4789,,,1
USD,2015-11-27,,,,65.6836,,,1
USD,2015-11-28,,,,66.2393,,,1
USD,2015-12-01,,,,66.737,,,1
USD,2015-12-02,,,,66.2584,,,1
USD,2015-12-03,,,,66.7402,,,1
USD,2015-12-04,,,,67.7691,,,1
USD,2015-12-05,,,,67.6698,,,1
USD,2015-12-08,,,,68.5156,,,1
USD,2015-12-09,,,,69.3026,,,1
USD,2015-12-10,,,,69.2,,,1
USD,2015-12-11,,,,69.2151,,,1
USD,2015-12-12,,,,69.1755,,,1
USD,2015-12-15,,,,70.2244,,,1
USD,2015-12-16,,,,70.8295,,,1
USD,2015-12-17,,,,70.4012,,,1
USD,2015-12-18,,,,70.5806,,,1
USD,2015-12-19,,,,71.3215,,,1
USD,2015-12-22,,,,71.2553,,,1
USD,2015-12-23,,,,71.1211,,,1
USD,2015-12-24,,,,70.9333,,,1
USD,2015-12-25,,,,69.5165,,,1
USD,2015-12-26,,,,70.269,,,1
USD,2015-12-29,,,,70.7865,,,1
USD,2015-12-30,,,,72.5066,,,1
USD,2015-12-31,,,,72.8827,,,1
USD,2016-01-01,,,,72.9299,,,1
USD,2016-01-06,,,,72.9299,,,1
USD,2016-01-09,,,,72.9299,,,1
USD,2016-01-12,,,,75.9507,,,1
USD,2016-01-13,,,,76.6041,,,1
USD,2016-01-14,,,,76.4275,,,1
USD,2016-01-15,,,,76.523,,,1
USD,2016-01-16,,,,76.565,,,1
USD,2016-01-19,,,,78.6678,,,1
USD,2016-01-20,,,,78.4862,,,1
USD,2016-01-21,,,,79.4614,,,1
USD,2016-01-22,,,,83.5913,,,1
USD,2016-01-23,,,,80.5714,,,1
USD,2016-01-26,,,,77.7965,,,1
USD,2016-01-27,,,,81.8394,,,1
USD,2016-01-28,,,,78.9969,,,1
USD,2016-01-29,,,,77.3674,,,1
USD,2016-01-30,,,,75.1723,,,1
USD,2016-02-02,,,,76.3264,,,1
USD,2016-02-03,,,,77.9273,,,1
USD,2016-02-04,,,,79.2593,,,1
USD,2016-02-05,,,,76.4609,,,1
USD,2016-02-06,,,,77.3409,,,1
USD,2016-02-09,,,,76.8614,,,1
USD,2016-02-10,,,,78.6805,,,1
USD,2016-02-11,,,,79.0689,,,1
USD,2016-02-12,,,,79.1144,,,1
USD,2016-02-13,,,,79.4951,,,1
USD,2016-02-16,,,,77.7792,,,1
USD,2016-02-17,,,,76.245,,,1
USD,2016-02-18,,,,77.8503,,,1
USD,2016-02-19,,,,75.4575,,,1
USD,2016-02-20,,,,76.3657,,,1
USD,2016-02-21,,,,77.1326,,,1
USD,2016-02-23,,,,77.1326,,,1
USD,2016-02-24,,,,77.1326,,,1
USD,2016-02-25,,,,76.3928,,,1
USD,2016-02-26,,,,76.3929,,,1
USD,2016-02-27,,,,75.0903,,,1
USD,2016-03-01,,,,75.8994,,,1
USD,2016-03-02,,,,74.0536,,,1
USD,2016-03-03,,,,73.6256,,,1
USD,2016-03-04,,,,73.8242,,,1
USD,2016-03-05,,,,73.1854,,,1
USD,2016-03-10,,,,72.3775,,,1
USD,2016-03-11,,,,71.0928,,,1
USD,2016-03-12,,,,70.3067,,,1
USD,2016-03-15,,,,70.1542,,,1
USD,2016-03-16,,,,70.5408,,,1
USD,2016-03-17,,,,71.0256,,,1
USD,2016-03-18,,,,68.5598,,,1
USD,2016-03-19,,,,68.4026,,,1
USD,2016-03-22,,,,68.8086,,,1
USD,2016-03-23,,,,67.7764,,,1
USD,2016-03-24,,,,67.6409,,,1
USD,2016-03-25,,,,68.9328,,,1
USD,2016-03-26,,,,68.4346,,,1
USD,2016-03-29,,,,67.7807,,,1
USD,2016-03-30,,,,68.7549,,,1
USD,2016-03-31,,,,67.6076,,,1
USD,2016-04-01,,,,67.8552,,,1
USD,2016-04-02,,,,67.141,,,1
USD,2016-04-05,,,,68.6753,,,1
USD,2016-04-06,,,,68.8901,,,1
USD,2016-04-07,,,,68.5215,,,1
USD,2016-04-08,,,,67.796,,,1
USD,2016-04-09,,,,67.4662,,,1
USD,2016-04-12,,,,67.125,,,1
USD,2016-04-13,,,,66.3456,,,1
USD,2016-04-14,,,,65.7662,,,1
USD,2016-04-15,,,,66.4954,,,1
USD,2016-04-16,,,,66.0452,,,1
USD,2016-04-19,,,,68.2724,,,1
USD,2016-04-20,,,,65.6474,,,1
USD,2016-04-21,,,,66.0364,,,1
USD,2016-04-22,,,,65.0254,,,1
USD,2016-04-23,,,,66.2198,,,1
USD,2016-04-26,,,,66.6295,,,1
USD,2016-04-27,,,,66.4559,,,1
USD,2016-04-28,,,,65.1618,,,1
USD,2016-04-29,,,,65.1133,,,1
USD,2016-04-30,,,,64.3334,,,1
USD,2016-05-03,,,,64.3334,,,1
USD,2016-05-04,,,,64.3334,,,1
USD,2016-05-05,,,,66.1718,,,1
USD,2016-05-06,,,,65.8918,,,1
USD,2016-05-07,,,,66.1928,,,1
USD,2016-05-11,,,,66.3277,,,1
USD,2016-05-12,,,,66.2428,,,1
USD,2016-05-13,,,,64.9607,,,1
USD,2016-05-14,,,,64.9306,,,1
USD,2016-05-17,,,,64.8895,,,1
USD,2016-05-18,,,,64.5138,,,1
USD,2016-05-19,,,,65.0641,,,1
USD,2016-05-20,,,,66.211,,,1
USD,2016-05-21,,,,66.3775,,,1
USD,2016-05-24,,,,67.0475,,,1
USD,2016-05-25,,,,67.0493,,,1
USD,2016-05-26,,,,65.8949,,,1
USD,2016-05-27,,,,65.2062,,,1
USD,2016-05-28,,,,66.0413,,,1
USD,2016-05-31,,,,66.0825,,,1
USD,2016-06-01,,,,65.9962,,,1
USD,2016-06-02,,,,66.6156,,,1
USD,2016-06-03,,,,66.7491,,,1
USD,2016-06-04,,,,66.8529,,,1
USD,2016-06-07,,,,65.7894,,,1
USD,2016-06-08,,,,65.2089,,,1
USD,2016-06-09,,,,64.6797,,,1
USD,2016-06-10,,,,63.7402,,,1
USD,2016-06-11,,,,64.7077,,,1
USD,2016-06-14,,,,64.7077,,,1
USD,2016-06-15,,,,66.0306,,,1
USD,2016-06-16,,,,65.9156,,,1
USD,2016-06-17,,,,65.8618,,,1
USD,2016-06-18,,,,65.4398,,,1
USD,2016-06-21,,,,64.1509,,,1
USD,2016-06-22,,,,64.1743,,,1
USD,2016-06-23,,,,63.7162,,,1
USD,2016-06-24,,,,64.3212,,,1
USD,2016-06-25,,,,65.5287,,,1
USD,2016-06-28,,,,65.0588,,,1
USD,2016-06-29,,,,64.8095,,,1
USD,2016-06-30,,,,64.2575,,,1
USD,2016-07-01,,,,64.1755,,,1
USD,2016-07-02,,,,64.0165,,,1
USD,2016-07-05,,,,63.6844,,,1
USD,2016-07-06,,,,64.2676,,,1
USD,2016-07-07,,,,64.6304,,,1
USD,2016-07-08,,,,64.05,,,1
USD,2016-07-09,,,,64.2488,,,1
USD,2016-07-12,,,,64.2024,,,1
USD,2016-07-13,,,,63.9029,,,1
USD,2016-07-14,,,,63.8531,,,1
USD,2016-07-15,,,,63.5773,,,1
USD,2016-07-16,,,,63.1697,,,1
USD,2016-07-19,,,,63.1154,,,1
USD,2016-07-20,,,,62.9891,,,1
USD,2016-07-21,,,,63.4183,,,1
USD,2016-07-22,,,,63.7373,,,1
USD,2016-07-23,,,,64.627,,,1
USD,2016-07-26,,,,64.9184,,,1
USD,2016-07-27,,,,65.7408,,,1
USD,2016-07-28,,,,65.9467,,,1
USD,2016-07-29,,,,66.1125,,,1
USD,2016-07-30,,,,67.0512,,,1
USD,2016-08-02,,,,65.9553,,,1
USD,2016-08-03,,,,66.8816,,,1
USD,2016-08-04,,,,66.742,,,1
USD,2016-08-05,,,,66.3941,,,1
USD,2016-08-06,,,,65.5627,,,1
USD,2016-08-09,,,,65.0799,,,1
USD,2016-08-10,,,,64.7848,,,1
USD,2016-08-11,,,,64.8137,,,1
USD,2016-08-12,,,,64.9497,,,1
USD,2016-08-13,,,,64.3364,,,1
USD,2016-08-16,,,,64.2076,,,1
USD,2016-08-17,,,,63.9514,,,1
USD,2016-08-18,,,,63.9943,,,1
USD,2016-08-19,,,,63.5487,,,1
USD,2016-08-20,,,,63.9391,,,1
USD,2016-08-23,,,,64.2078,,,1
USD,2016-08-24,,,,64.7684,,,1
USD,2016-08-25,,,,64.814,,,1
USD,2016-08-26,,,,64.9459,,,1
USD,2016-08-27,,,,64.738,,,1
USD,2016-08-30,,,,65.081,,,1
USD,2016-08-31,,,,64.9072,,,1
USD,2016-09-01,,,,65.2535,,,1
USD,2016-09-02,,,,65.2566,,,1
USD,2016-09-03,,,,65.8684,,,1
USD,2016-09-06,,,,64.7644,,,1
USD,2016-09-07,,,,64.8306,,,1
USD,2016-09-08,,,,64.3804,,,1
USD,2016-09-09,,,,63.973,,,1
USD,2016-09-10,,,,64.1617,,,1
USD,2016-09-13,,,,65.0539,,,1
USD,2016-09-14,,,,64.8102,,,1
USD,2016-09-15,,,,64.9737,,,1
USD,2016-09-16,,,,65.217,,,1
USD,2016-09-17,,,,64.994,,,1
USD,2016-09-20,,,,64.9173,,,1
USD,2016-09-21,,,,64.7513,,,1
USD,2016-09-22,,,,64.4424,,,1
USD,2016-09-23,,,,63.7942,,,1
USD,2016-09-24,,,,63.8642,,,1
USD,2016-09-27,,,,64.1506,,,1
USD,2016-09-28,,,,63.6921,,,1
USD,2016-09-29,,,,63.9509,,,1
USD,2016-09-30,,,,63.1581,,,1
USD,2016-10-01,,,,63.396,,,1
USD,2016-10-04,,,,62.5477,,,1
USD,2016-10-05,,,,62.4323,,,1
USD,2016-10-06,,,,62.4583,,,1
USD,2016-10-07,,,,62.39,,,1
USD,2016-10-08,,,,62.3031,,,1
USD,2016-10-11,,,,62.3884,,,1
USD,2016-10-12,,,,62.1946,,,1
USD,2016-10-13,,,,62.5892,,,1
USD,2016-10-14,,,,63.3465,,,1
USD,2016-10-15,,,,62.9934,,,1
USD,2016-10-18,,,,63.151,,,1
USD,2016-10-19,,,,62.89,,,1
USD,2016-10-20,,,,62.5841,,,1
USD,2016-10-21,,,,62.4194,,,1
USD,2016-10-22,,,,62.4499,,,1
USD,2016-10-25,,,,62.2349,,,1
USD,2016-10-26,,,,62.048,,,1
USD,2016-10-27,,,,62.2597,,,1
USD,2016-10-28,,,,63.0399,,,1
USD,2016-10-29,,,,62.9037,,,1
USD,2016-11-01,,,,63.2174,,,1
USD,2016-11-02,,,,63.2025,,,1
USD,2016-11-03,,,,63.4166,,,1
USD,2016-11-04,,,,63.5043,,,1
USD,2016-11-05,,,,63.5043,,,1
USD,2016-11-08,,,,63.9074,,,1
USD,2016-11-09,,,,63.7364,,,1
USD,2016-11-10,,,,63.8928,,,1
USD,2016-11-11,,,,63.4161,,,1
USD,2016-11-12,,,,65.2167,,,1
USD,2016-11-15,,,,65.8591,,,1
USD,2016-11-16,,,,65.5548,,,1
USD,2016-11-17,,,,64.5463,,,1
USD,2016-11-18,,,,64.9154,,,1
USD,2016-11-19,,,,65.1023,,,1
USD,2016-11-22,,,,64.358,,,1
USD,2016-11-23,,,,63.6282,,,1
USD,2016-11-24,,,,64.0087,,,1
USD,2016-11-25,,,,64.6279,,,1
USD,2016-11-26,,,,64.6174,,,1
USD,2016-11-29,,,,64.9153,,,1
USD,2016-11-30,,,,64.9449,,,1
USD,2016-12-01,,,,65.2382,,,1
USD,2016-12-02,,,,63.6807,,,1
USD,2016-12-03,,,,64.1528,,,1
USD,2016-12-06,,,,63.9242,,,1
USD,2016-12-07,,,,63.8741,,,1
USD,2016-12-08,,,,63.9114,,,1
USD,2016-12-09,,,,63.3901,,,1
USD,2016-12-10,,,,63.3028,,,1
USD,2016-12-13,,,,61.5804,,,1
USD,2016-12-14,,,,61.069,,,1
USD,2016-12-15,,,,60.8079,,,1
USD,2016-12-16,,,,61.6368,,,1
USD,2016-12-17,,,,61.7515,,,1
USD,2016-12-20,,,,61.7931,,,1
USD,2016-12-21,,,,61.7967,,,1
USD,2016-12-22,,,,61.1092,,,1
USD,2016-12-23,,,,60.8641,,,1
USD,2016-12-24,,,,60.8528,,,1
USD,2016-12-27,,,,60.9084,,,1
USD,2016-12-28,,,,60.8587,,,1
USD,2016-12-29,,,,60.6669,,,1
USD,2016-12-30,,,,60.273,,,1
USD,2016-12-31,,,,60.6569,,,1
USD,2017-01-10,,,,59.8961,,,1
USD,2017-01-11,,,,59.9533,,,1
USD,2017-01-12,,,,60.1614,,,1
USD,2017-01-13,,,,59.4978,,,1
USD,2017-01-14,,,,59.37,,,1
USD,2017-01-17,,,,59.6067,,,1
USD,2017-01-18,,,,59.4015,,,1
USD,2017-01-19,,,,59.183,,,1
USD,2017-01-20,,,,59.3521,,,1
USD,2017-01-21,,,,59.6697,,,1
USD,2017-01-24,,,,59.5034,,,1
USD,2017-01-25,,,,59.2168,,,1
USD,2017-01-26,,,,59.1489,,,1
USD,2017-01-27,,,,59.6356,,,1
USD,2017-01-28,,,,60.3196,,,1
USD,2017-01-31,,,,60.1618,,,1
USD,2017-02-01,,,,60.0851,,,1
USD,2017-02-02,,,,60.3099,,,1
USD,2017-02-03,,,,59.9858,,,1
USD,2017-02-04,,,,59.3137,,,1
USD,2017-02-07,,,,58.7121,,,1
USD,2017-02-08,,,,59.1933,,,1
USD,2017-02-09,,,,59.5129,,,1
USD,2017-02-10,,,,59.0235,,,1
USD,2017-02-11,,,,58.8457,,,1
USD,2017-02-14,,,,58.0619,,,1
USD,2017-02-15,,,,57.7388,,,1
USD,2017-02-16,,,,56.7719,,,1
USD,2017-02-17,,,,57.1507,,,1
USD,2017-02-18,,,,57.6342,,,1
USD,2017-02-21,,,,58.0967,,,1
USD,2017-02-22,,,,57.859,,,1
USD,2017-02-23,,,,57.4762,,,1
USD,2017-02-28,,,,57.9371,,,1
USD,2017-03-01,,,,57.9627,,,1
USD,2017-03-02,,,,58.3776,,,1
USD,2017-03-03,,,,58.4067,,,1
USD,2017-03-04,,,,58.9099,,,1
